#name	crc	size	key
1943 Kai (Japan)	fde08d6d	524288	1943 Kai (Japan)
21 Emon - Mezase! Hotel Ou (Japan)	73614660	524288	21 Emon - Mezase! Hotel Ou (Japan)
Adventure Island (Japan)	8e71d4f3	262144	Dragon's Curse (USA)
Aero Blasters (Japan) (En)	25be2b81	524288	Aero Blasters (USA)
Aero Blasters (USA)	b03e0b32	524288	Aero Blasters (USA)
After Burner II (Japan) (En)	ca72a828	524288	After Burner II (Japan) (En)
Air Zonk (USA)	933d5bcc	524288	Air Zonk (USA)
Air Zonk (USA, Europe) (Wii U Virtual Console)	d76c4169	524288	Air Zonk (USA)
Alien Crush (Japan) (En)	60edf4e1	262144	Alien Crush (USA)
Alien Crush (USA)	ea488494	262144	Alien Crush (USA)
All Star Power League (Japan)	04a85769	262144	All Star Power League (Japan)
Andre Panza Kick Boxing (USA)	a980e0e9	524288	Andre Panza Kick Boxing (USA)
Ankoku Densetsu (Japan)	cacc06fb	262144	Legendary Axe II (USA)
Aoi Blink (Japan)	08a09b9a	393216	Aoi Blink (Japan)
Appare! Gateball (Japan)	2b54cba2	262144	Appare! Gateball (Japan)
Armed F (Japan) (En)	20ef87fd	262144	Armed F (Japan) (En)
Artist Tool (Japan)	5e4fa713	262144	Artist Tool (Japan)
Atomic Robo-Kid Special (Japan) (En)	dd175efd	524288	Atomic Robo-Kid Special (Japan) (En)
Ballistix (Japan) (En)	8acfc8aa	262144	Ballistix (USA)
Ballistix (USA)	420fa189	262144	Ballistix (USA)
Bari Bari Densetsu (Japan)	c267e25d	393216	Bari Bari Densetsu (Japan)
Barunba (Japan)	4a3df3ca	524288	Barunba (Japan)
Batman (Japan) (En)	106bb7b2	393216	Batman (Japan) (En)
Battle Lode Runner (Japan) (En)	59e44f45	262144	Battle Lode Runner (Japan) (En)
Battle Royale (USA)	e70b01af	524288	Battle Royale (USA)
Be Ball (Japan)	261f1013	262144	Chew-Man-Fu (USA)
Benkei Gaiden (Japan)	e1a73797	393216	Benkei Gaiden (Japan)
Benkei Gaiden (Japan) (Wii Virtual Console)	c9626a43	393216	Benkei Gaiden (Japan)
Bikkuriman World (Japan)	2841fd1e	262144	Bikkuriman World (Japan)
Blazing Lazers (USA)	b4a1b0f6	393216	Blazing Lazers (USA)
Blazing Lazers (World) (Wii U Virtual Console)	e52be33e	393216	Blazing Lazers (USA)
Blodia (Japan) (En)	958bcd09	131072	Timeball (USA)
Bloody Wolf (USA)	37baf6bc	524288	Bloody Wolf (USA)
Bomberman '93 (Japan)	b300c5d0	524288	Bomberman '93 (USA)
Bomberman '93 (Japan) (Wii U Virtual Console)	37c9114f	524288	Bomberman '93 (USA)
Bomberman '93 (USA)	56171c1c	524288	Bomberman '93 (USA)
Bomberman '93 (USA, Europe) (Wii U Virtual Console)	4c7ba73b	524288	Bomberman '93 (USA)
Bomberman '93 - Special Version (Japan)	02309aa0	524288	Bomberman '93 - Special Version (Japan)
Bomberman '94 (Japan)	05362516	1048576	Bomberman '94 (Japan)
Bomberman '94 (World) (Ja) (Wii U Virtual Console)	1aab222e	1048576	Bomberman '94 (Japan)
Bomberman (Japan) (En)	9abb4d1f	262144	Bomberman (USA)
Bomberman (USA)	5f6f3c2a	262144	Bomberman (USA)
Bomberman (USA) (Bomberman Collection)	3d1f8ece	262144	Bomberman (USA)
Bomberman - Users Battle (Japan)	1489fa51	262144	Bomberman - Users Battle (Japan)
Bonk 3 - Bonk's Big Adventure (USA)	5a3f76d8	1048576	Bonk 3 - Bonk's Big Adventure (USA)
Bonk 3 - Bonk's Big Adventure (USA, Europe) (Wii U Virtual Console)	1f6511d7	1048576	Bonk 3 - Bonk's Big Adventure (USA)
Bonk's Adventure (USA)	599ead9b	393216	Bonk's Adventure (USA)
Bonk's Adventure (USA, Europe) (Wii U Virtual Console)	704c801e	393216	Bonk's Adventure (USA)
Bonk's Revenge (USA)	f36ffee1	524288	Bonk's Revenge (USA)
Bonk's Revenge (USA) (Alt 2)	14250f9a	524288	Bonk's Revenge (USA)
Bonk's Revenge (USA) (Alt)	68782a2f	524288	Bonk's Revenge (USA)
Bonk's Revenge (USA, Europe) (Wii U Virtual Console)	2020817a	524288	Bonk's Revenge (USA)
Bouken Danshaku Don - The Lost Sunheart (Japan)	8f4d9f94	524288	Bouken Danshaku Don - The Lost Sunheart (Japan)
Boxyboy (USA)	605be213	131072	Boxyboy (USA)
Bravoman (USA)	cca08b02	524288	Bravoman (USA)
Break In (Japan) (En)	c9d7426a	262144	Break In (Japan) (En)
Bubblegum Crash! (Japan)	0d766139	524288	Bubblegum Crash! (Japan)
Bull Fight - Ring no Hasha (Japan)	5c4d1991	393216	Bull Fight - Ring no Hasha (Japan)
Burning Angels (Japan)	d233c05a	393216	Burning Angels (Japan)
Cadash (Japan)	8dc0d85f	393216	Cadash (USA)
Cadash (USA)	bb0b3aef	524288	Cadash (USA)
Champion Wrestler (Japan) (En)	9edc0aea	393216	Champion Wrestler (Japan) (En)
Champions Forever Boxing (USA)	15ee889a	524288	Champions Forever Boxing (USA)
Chase H.Q. (USA)	9298254c	393216	Chase H.Q. (USA)
Chew-Man-Fu (USA)	8cd13e9a	262144	Chew-Man-Fu (USA)
Chibi Maruko-chan - Quiz de Piihyara (Japan)	951ed380	524288	Chibi Maruko-chan - Quiz de Piihyara (Japan)
Chikudenya Toubei - Kubikiri Yakata Yori (Japan)	cab21b2e	524288	Chikudenya Toubei - Kubikiri Yakata Yori (Japan)
China Warrior (USA)	a2ee361d	262144	China Warrior (USA)
Chou Zetsurinjin Bravoman (Japan)	0df57c90	524288	Bravoman (USA)
Circus Lido (Japan) (En)	c3212c24	262144	Circus Lido (Japan) (En)
City Hunter (Japan)	f91b055f	393216	City Hunter (Japan)
Columns (Japan)	99f7a572	131072	Columns (Japan)
Coryoon (Japan)	b4d29e3b	524288	Coryoon (Japan)
Cratermaze (USA)	9033e83a	262144	Cratermaze (USA)
Cross Wiber - Cyber Combat Police (Japan) (En)	2df97bd0	524288	Cross Wiber - Cyber Combat Police (Japan) (En)
Cyber Core (Japan) (En)	a98d276a	393216	Cyber-Core (USA)
Cyber Cross (Japan)	d0c250ca	393216	Cyber Cross (Japan)
Cyber Dodge (Japan) (En)	b5326b16	524288	Cyber Dodge (Japan) (En)
Cyber Knight (Japan)	a594fac0	524288	Cyber Knight (Japan)
Cyber-Core (USA)	4cfb6e3e	393216	Cyber-Core (USA)
Daichi-kun Crisis - Do Natural (Japan)	61a2935f	393216	Daichi-kun Crisis - Do Natural (Japan)
Daisenpuu (Japan) (En)	9107bcc8	524288	Daisenpuu (Japan) (En)
Darius Alpha (Japan) (En) (SG Enhanced)	b0ba689f	393216	Darius Alpha (Japan) (En) (SG Enhanced)
Darius Alpha (World) (SG Enhanced) (Darius Cozmic Collection)	eb2466f9	393216	Darius Alpha (Japan) (En) (SG Enhanced)
Darius Plus (Japan) (En) (SG Enhanced)	bebfe042	786432	Darius Plus (Japan) (En) (SG Enhanced)
Darkwing Duck (USA)	4ac97606	524288	Darkwing Duck (USA)
Davis Cup Tennis (USA)	9edab596	524288	Davis Cup Tennis (USA)
Dead Moon (USA)	f5d98b0b	524288	Dead Moon (USA)
Dead Moon - Getsu Sekai no Akumu (Japan) (En)	56739bc7	524288	Dead Moon (USA)
Deep Blue (USA)	16b40b44	262144	Deep Blue (USA)
Deep Blue - Kaitei Shinwa (Japan) (En)	053a0f83	262144	Deep Blue (USA)
Detana!! TwinBee (Japan)	5cf59d80	524288	Detana!! TwinBee (Japan)
Devil Crash - Naxat Pinball (Japan) (En)	4ec81a80	393216	Devil's Crush (USA)
Devil Crash - Naxat Pinball (Japan) (En) (Wii U Virtual Console)	38bbb515	393216	Devil's Crush (USA)
Devil's Crush (USA)	157b4492	393216	Devil's Crush (USA)
Devil's Crush (USA, Europe) (Wii U Virtual Console)	6308eb07	393216	Devil's Crush (USA)
Die Hard (Japan)	1b5b1cb1	524288	Die Hard (Japan)
Digital Champ - Battle Boxing (Japan)	17ba3032	262144	Digital Champ - Battle Boxing (Japan)
Don Doko Don! (Japan)	f42aa73e	393216	Don Doko Don! (Japan)
Doraemon - Meikyuu Daisakusen (Japan)	dc760a07	262144	Cratermaze (USA)
Doraemon - Nobita no Dorabian Night (Japan)	013a747f	524288	Doraemon - Nobita no Dorabian Night (Japan)
Double Dungeons (Japan)	86087b39	262144	Double Dungeons (USA)
Double Dungeons (Japan) (Wii U Virtual Console)	d7bf80cc	262144	Double Dungeons (USA)
Double Dungeons (USA)	4a1a8c60	262144	Double Dungeons (USA)
Double Dungeons (USA, Europe) (Wii U Virtual Console)	d189b4ad	262144	Double Dungeons (USA)
Down Load (Japan)	85101c20	524288	Down Load (Japan)
Dragon Egg! (Japan)	442405d5	524288	Dragon Egg! (Japan)
Dragon Saber (Japan) (En)	3219849c	524288	Dragon Saber (Japan) (En)
Dragon Spirit (Japan) (En)	01a76935	262144	Dragon Spirit (USA)
Dragon Spirit (USA)	086f148c	262144	Dragon Spirit (USA)
Dragon's Curse (USA)	7d2c4b09	262144	Dragon's Curse (USA)
Drop Off (USA)	fea27b32	262144	Drop Off (USA)
Drop Rock Hora Hora (Japan) (En)	67ec5ec4	262144	Drop Off (USA)
Dungeon Explorer (Japan)	1b1a80a2	393216	Dungeon Explorer (USA)
Dungeon Explorer (USA)	4ff01515	393216	Dungeon Explorer (USA)
Dungeons & Dragons - Order of the Griffon (USA)	fae0fc60	524288	Dungeons & Dragons - Order of the Griffon (USA)
Energy (Japan)	ca68ff21	262144	Energy (Japan)
Eternal City - Toshi Tensou Keikaku (Japan)	b18d102d	393216	Eternal City - Toshi Tensou Keikaku (Japan)
F-1 Dream (Japan)	d50ff730	262144	F-1 Dream (Japan)
F-1 Pilot - You're King of Kings (Japan)	09048174	393216	F-1 Pilot - You're King of Kings (Japan)
F1 Circus '91 (Japan)	d7cfd70f	524288	F1 Circus '91 (Japan)
F1 Circus '92 (Japan)	b268f2a2	786432	F1 Circus '92 (Japan)
F1 Circus (Japan)	e14dee08	524288	F1 Circus (Japan)
F1 Triple Battle (Japan) (En)	13bf0409	393216	F1 Triple Battle (Japan) (En)
Falcon (USA)	0bc0a12b	524288	Falcon (USA)
Fantasy Zone (Japan) (En)	72cb0f9d	262144	Fantasy Zone (USA)
Fantasy Zone (Japan) (En) (PC Engine Mini)	4d3f879a	524288	Fantasy Zone (USA)
Fantasy Zone (USA)	e8c3573d	262144	Fantasy Zone (USA)
Fighting Run (Japan)	1828d2e5	524288	Fighting Run (Japan)
Final Blaster (Japan) (En)	c90971ba	393216	Final Blaster (Japan) (En)
Final Lap Twin (Japan)	c8c084e3	393216	Final Lap Twin (USA)
Final Lap Twin (USA)	26408ea3	393216	Final Lap Twin (USA)
Final Match Tennis (Japan)	560d2305	262144	Final Match Tennis (Japan)
Final Soldier (Japan) (En)	af2dd2af	524288	Final Soldier (Japan) (En)
Final Soldier (World) (Wii U Virtual Console)	06835d94	524288	Final Soldier (Japan) (En)
Final Soldier - Special Version (Japan) (En)	02a578c5	524288	Final Soldier - Special Version (Japan) (En)
Fire Pro Wrestling - 2nd Bout (Japan)	e88987bb	524288	Fire Pro Wrestling - 2nd Bout (Japan)
Fire Pro Wrestling - Combination Tag (Japan)	90ed6575	393216	Fire Pro Wrestling - Combination Tag (Japan)
Fire Pro Wrestling 3 - Legend Bout (Japan)	534e8808	1048576	Fire Pro Wrestling 3 - Legend Bout (Japan)
Formation Soccer - Human Cup '90 (Japan) (En)	85a1e7b6	262144	Formation Soccer - Human Cup '90 (Japan) (En)
Formation Soccer - On J.League (Japan)	7146027c	524288	Formation Soccer - On J.League (Japan)
Fushigi no Yume no Alice (Japan)	12c4e6fd	393216	Fushigi no Yume no Alice (Japan)
Gai Flame (Japan)	95f90dec	393216	Gai Flame (Japan)
Gai Flame (Japan) (Wii U Virtual Console)	9182c639	393216	Gai Flame (Japan)
Gaia no Monshou (Japan)	6fd6827c	262144	Gaia no Monshou (Japan)
Galaga '88 (Japan) (En)	1a8393c6	262144	Galaga '90 (USA)
Galaga '90 (USA)	2909dec6	262144	Galaga '90 (USA)
Ganbare! Golf Boys (Japan)	27a4d11a	262144	Ganbare! Golf Boys (Japan)
Gekisha Boy (Japan)	e8702d51	524288	Gekisha Boy (Japan)
Genji Tsuushin Agedama (Japan)	ad450dfc	524288	Genji Tsuushin Agedama (Japan)
Genpei Toumaden (Japan)	b926c682	524288	Genpei Toumaden (Japan)
Genpei Toumaden - Kan no Ni (Japan)	8793758c	524288	Samurai-Ghost (USA)
Ghost Manor (USA)	2db4c1fd	524288	Ghost Manor (USA)
Gokuraku! Chuuka Taisen (Japan)	e749a22c	393216	Gokuraku! Chuuka Taisen (Japan)
Gomola Speed (Japan) (En)	4bd38f17	393216	Gomola Speed (Japan) (En)
Gradius (Japan) (En)	0517da65	262144	Gradius (Japan) (En)
Gradius (Japan) (En) (PC Engine Mini)	4eabdc5c	524288	Gradius (Japan) (En)
Gradius (World) (Wii U Virtual Console)	a5273cc4	262144	Gradius (Japan) (En)
Gunboat (USA)	f370b58e	524288	Gunboat (USA)
Gunhed (Japan) (En)	a17d4d7e	393216	Blazing Lazers (USA)
Gunhed - Special Version (Japan) (En)	57f183ae	262144	Gunhed - Special Version (Japan) (En)
Hana Taaka Daka! (Japan)	ba4d0dd4	524288	Hana Taaka Daka! (Japan)
Hanii in the Sky (Japan)	bf3e2cc7	262144	Hanii in the Sky (Japan)
Hanii on the Road (Japan)	9897fa86	393216	Hanii on the Road (Japan)
Hatris (Japan) (En)	44e7df53	131072	Hatris (Japan) (En)
Heavy Unit (Japan) (En)	eb923de5	393216	Heavy Unit (Japan) (En)
Hisou Kihei X-SERD (Japan)	1cab1ee6	393216	Hisou Kihei X-SERD (Japan)
Hit the Ice - VHL - The Official Video Hockey League (USA)	8b29c3aa	393216	Hit the Ice - VHL - The Official Video Hockey League (USA)
Hit the Ice - VHL - The Video Hockey League (Japan) (En)	7acb60c8	393216	Hit the Ice - VHL - The Official Video Hockey League (USA)
Honoo no Toukyuuji - Dodge Danpei (Japan)	b01ee703	524288	Honoo no Toukyuuji - Dodge Danpei (Japan)
Hyper Dyne - SideArms (Japan) (En)	e5e7b8b7	262144	SideArms (USA)
ImageFight (Japan) (En)	a80c565f	524288	ImageFight (Japan) (En)
Impossamole (USA)	e2470f5f	524288	Impossamole (USA)
J.J. & Jeff (USA)	e01c5127	262144	J.J. & Jeff (USA)
J.League Greatest Eleven (Japan)	0ad97b04	524288	J.League Greatest Eleven (Japan)
Jack Nicklaus' Greatest 18 Holes of Major Championship Golf (Japan) (En)	ea751e82	262144	Jack Nicklaus' Turbo Golf (USA)
Jack Nicklaus' Turbo Golf (USA)	83384572	262144	Jack Nicklaus' Turbo Golf (USA)
Jackie Chan (Japan)	c6fa6373	524288	Jackie Chan's Action Kung Fu (USA)
Jackie Chan's Action Kung Fu (USA)	9d2f6193	524288	Jackie Chan's Action Kung Fu (USA)
Jaseiken Necromancer (Japan)	53109ae6	262144	Jaseiken Necromancer (Japan)
Jaseiken Necromancer (Japan) (Wii Virtual Console)	32c950be	262144	Jaseiken Necromancer (Japan)
Jaseiken Necromancer (World) (Ja) (Wii U Virtual Console)	9aa5295c	262144	Jaseiken Necromancer (Japan)
Jigoku Meguri (Japan)	cc7d3eeb	393216	Jigoku Meguri (Japan)
Jinmu Denshou (Japan)	c150637a	524288	Jinmu Denshou (Japan)
Juuouki (Japan)	c8c7d63e	524288	Juuouki (Japan)
Kaizou Choujin Shubibinman (Japan)	a9084d6e	262144	Kaizou Choujin Shubibinman (Japan)
Kaizou Choujin Shubibinman 2 - Aratanaru Teki (Japan)	109ba474	524288	Shockman (USA)
Kato-chan Ken-chan (Japan)	6069c5e7	262144	J.J. & Jeff (USA)
Kattobi! Takuhai-kun (Japan)	4f2844b0	393216	Kattobi! Takuhai-kun (Japan)
Keith Courage in Alpha Zones (USA)	474d7a72	262144	Keith Courage in Alpha Zones (USA)
KickBall (Japan)	7e3c367b	393216	KickBall (Japan)
Kiki Kaikai (Japan) (En)	c0cb5add	393216	Kiki Kaikai (Japan) (En)
King of Casino (Japan)	bf52788e	262144	King of Casino (USA)
King of Casino (USA)	2f2e2240	262144	King of Casino (USA)
Klax (Japan)	c74ffbc9	262144	Klax (USA)
Klax (USA)	0f1b59b4	262144	Klax (USA)
Knight Rider Special (Japan)	c614116c	262144	Knight Rider Special (Japan)
Kore ga Pro Yakyuu '89 (Japan)	44f60137	262144	Kore ga Pro Yakyuu '89 (Japan)
Kore ga Pro Yakyuu '90 (Japan)	1772b229	262144	Kore ga Pro Yakyuu '90 (Japan)
Kung Fu, The (Japan)	b552c906	262144	China Warrior (USA)
Kung Fu, The (Japan) (Wii Virtual Console)	3872c2b3	262144	China Warrior (USA)
Kyuukyoku Tiger (Japan) (En)	09509315	262144	Kyuukyoku Tiger (Japan) (En)
Legend of Hero Tonma (Japan)	c28b0d8a	524288	Legend of Hero Tonma (USA)
Legend of Hero Tonma (USA)	3c131486	524288	Legend of Hero Tonma (USA)
Legendary Axe II (USA)	220ebf91	262144	Legendary Axe II (USA)
Legendary Axe, The (USA)	2d211007	262144	Legendary Axe, The (USA)
Lode Runner - Lost Labyrinth (Japan)	e6ee1468	262144	Lode Runner - Lost Labyrinth (Japan)
Maerchen Maze (Japan)	a15a1f37	262144	Maerchen Maze (Japan)
Magical Chase (Japan)	dd0ebf8c	524288	Magical Chase (USA)
Magical Chase (USA)	95cd2979	524288	Magical Chase (USA)
Mahjong Gakuen - Touma Soushirou Toujou (Japan)	f5b90d55	524288	Mahjong Gakuen - Touma Soushirou Toujou (Japan)
Mahjong Gakuen Mild - Touma Soushirou Toujou (Japan)	f4148600	524288	Mahjong Gakuen Mild - Touma Soushirou Toujou (Japan)
Mahjong Gokuu Special (Japan)	f8861456	393216	Mahjong Gokuu Special (Japan)
Mahjong Haouden - Kaiser's Quest (Japan)	df10c895	524288	Mahjong Haouden - Kaiser's Quest (Japan)
Mahjong Shikaku Retsuden - Mahjong Wars (Japan)	6c34aaea	262144	Mahjong Shikaku Retsuden - Mahjong Wars (Japan)
Maison Ikkoku (Japan)	5c78fee1	262144	Maison Ikkoku (Japan)
Makai Hakkenden - Shada (Japan)	be62eef5	262144	Makai Hakkenden - Shada (Japan)
Makai Prince Dorabocchan (Japan)	b101b333	393216	Makai Prince Dorabocchan (Japan)
Makyou Densetsu (Japan)	d4c5af46	262144	Legendary Axe, The (USA)
Maniac Pro Wres - Asu e no Tatakai (Japan)	99f2865c	524288	Maniac Pro Wres - Asu e no Tatakai (Japan)
Mashin Eiyuuden Wataru (Japan)	2f8935aa	262144	Keith Courage in Alpha Zones (USA)
Mesopotamia (Japan)	e87190f1	524288	Somer Assault (USA)
Metal Stoker (Japan) (En)	25a02bee	524288	Metal Stoker (Japan) (En)
Military Madness (USA)	93f316f7	393216	Military Madness (USA)
Mizubaku Daibouken (Japan)	b2ef558d	524288	Mizubaku Daibouken (Japan)
Momotarou Densetsu Gaiden - Dai-1-shuu (Japan)	f860455c	524288	Momotarou Densetsu Gaiden - Dai-1-shuu (Japan)
Momotarou Densetsu II (Japan)	d9e1549a	786432	Momotarou Densetsu II (Japan)
Momotarou Densetsu Turbo (Japan)	625221a6	393216	Momotarou Densetsu Turbo (Japan)
Momotarou Katsugeki (Japan)	345f43e9	524288	Momotarou Katsugeki (Japan)
Monster Pro Wres (Japan)	f2e46d25	524288	Monster Pro Wres (Japan)
Morita Shougi PC (Japan)	2546efe0	524288	Morita Shougi PC (Japan)
Moto Roader (Japan) (En)	428f36cd	262144	Moto Roader (USA)
Moto Roader (USA)	e2b0d544	262144	Moto Roader (USA)
Moto Roader II (Japan) (En)	0b7f6e5f	393216	Moto Roader II (Japan) (En)
Mr. Heli no Daibouken (Japan)	2cb92290	524288	Mr. Heli no Daibouken (Japan)
NHK Taiga Drama - Taiheiki (Japan)	a32430d5	524288	NHK Taiga Drama - Taiheiki (Japan)
Narazumono Sentou Butai - Bloody Wolf (Japan)	b01f70c2	524288	Bloody Wolf (USA)
Naxat Open (Japan)	60ecae22	393216	Naxat Open (Japan)
Naxat Stadium (Japan)	20a7d128	524288	Naxat Stadium (Japan)
Nazo no Mascarade (Japan)	0441d85a	393216	Nazo no Mascarade (Japan)
Necros no Yousai (Japan)	fb0fdcfe	524288	Necros no Yousai (Japan)
Nectaris (Japan)	0243453b	393216	Military Madness (USA)
Nekketsu Koukou Dodgeball-bu - PC Bangai Hen (Japan)	65fdb863	262144	Nekketsu Koukou Dodgeball-bu - PC Bangai Hen (Japan)
Nekketsu Koukou Dodgeball-bu - PC Soccer Hen (Japan)	f2285c6d	524288	Nekketsu Koukou Dodgeball-bu - PC Soccer Hen (Japan)
Neutopia (USA)	a9a94e1b	393216	Neutopia (USA)
Neutopia (USA, Europe) (Wii U Virtual Console)	811259e5	393216	Neutopia (USA)
Neutopia - Frey no Shou (Japan)	9c49ef11	393216	Neutopia (USA)
Neutopia - Frey no Shou (Japan) (Wii U Virtual Console)	c8072f2d	393216	Neutopia (USA)
Neutopia II (Japan)	2b94aedc	786432	Neutopia II (USA)
Neutopia II (Japan) (Wii U Virtual Console)	769aabc3	786432	Neutopia II (USA)
Neutopia II (USA)	c4ed4307	786432	Neutopia II (USA)
Neutopia II (USA, Europe) (Wii U Virtual Console)	2602eda2	786432	Neutopia II (USA)
New Adventure Island (USA)	756a1802	524288	New Adventure Island (USA)
New Adventure Island (USA, Europe) (Wii U Virtual Console)	21db1d10	524288	New Adventure Island (USA)
NewZealand Story, The (Japan) (En)	8e4d75a8	393216	NewZealand Story, The (Japan) (En)
Night Creatures (USA)	c159761b	524288	Night Creatures (USA)
Ninja Ryuuken Den (Japan) (En,Ja,Zh)	67573bac	524288	Ninja Ryuuken Den (Japan) (En,Ja,Zh)
Ninja Spirit (USA)	de8af1c1	524288	Ninja Spirit (USA)
Ninja Spirit (USA, Europe) (Wii U Virtual Console)	85d1e33b	524288	Ninja Spirit (USA)
Ninjawarriors, The (Japan)	96e0cd9d	393216	Ninjawarriors, The (Japan)
Obocchama-kun (Japan)	4d3b0bc9	524288	Obocchama-kun (Japan)
Off the Wall (USA) (Proto)	8621ae02	524288	Off the Wall (USA) (Proto)
Okaasan to Issho - Niko Niko Pun (Japan)	82def9ee	524288	Okaasan to Issho - Niko Niko Pun (Japan)
Operation Wolf (Japan)	ff898f87	524288	Operation Wolf (Japan)
Ordyne (Japan)	8c565cb6	524288	Ordyne (USA)
Ordyne (USA)	e7bf2a74	524288	Ordyne (USA)
Out Live (Japan)	5cdb3f5b	262144	Out Live (Japan)
OutRun (Japan) (En)	e203f223	524288	OutRun (Japan) (En)
Override (Japan) (En)	b74ec562	262144	Override (Japan) (En)
P-47 - The Freedom Fighter (Japan) (En)	7632db90	262144	P-47 - The Freedom Fighter (Japan) (En)
PC Denjin - Punkic Cyborgs (Japan)	740491c2	524288	Air Zonk (USA)
PC Denjin - Punkic Cyborgs (Japan) (Beta)	4f8299c8	524288	Air Zonk (USA)
PC Denjin - Punkic Cyborgs (Japan) (Wii U Virtual Console)	51982ce2	524288	Air Zonk (USA)
PC Genjin - Pithecanthropus Computerurus (Japan)	2cb5cd55	393216	Bonk's Adventure (USA)
PC Genjin - Pithecanthropus Computerurus (Japan) (Wii U Virtual Console)	9c1f39db	393216	Bonk's Adventure (USA)
PC Genjin 2 - Pithecanthropus Computerurus (Japan)	3028f7ca	524288	Bonk's Revenge (USA)
PC Genjin 2 - Pithecanthropus Computerurus (Japan) (Wii U Virtual Console)	34190272	524288	Bonk's Revenge (USA)
PC Genjin 2 - Pithecanthropus Computerurus (Japan) (Wii Virtual Console)	d4ce3572	524288	Bonk's Revenge (USA)
PC Genjin 3 - Pithecanthropus Computerurus (Japan)	a170b60e	1048576	Bonk 3 - Bonk's Big Adventure (USA)
PC Genjin 3 - Pithecanthropus Computerurus (Japan) (Sample)	6f6ed301	786432	Bonk 3 - Bonk's Big Adventure (USA)
PC Genjin 3 - Pithecanthropus Computerurus (Japan) (Wii U Virtual Console)	e42ad101	1048576	Bonk 3 - Bonk's Big Adventure (USA)
Pac-Land (Japan) (En)	14fad3ba	262144	Pac-Land (USA)
Pac-Land (USA)	d6e30ccd	262144	Pac-Land (USA)
Pachio-kun - Juuban Shoubu (Japan)	4148fd7c	524288	Pachio-kun - Juuban Shoubu (Japan)
Paranoia (Japan) (En)	9893e0e6	262144	Psychosis (USA)
Parasol Stars - The Story of Bubble Bobble III (Japan) (En)	51e86451	393216	Parasol Stars - The Story of Bubble Bobble III (USA)
Parasol Stars - The Story of Bubble Bobble III (USA)	e6458212	393216	Parasol Stars - The Story of Bubble Bobble III (USA)
Parodius Da! - Shinwa kara Owarai e (Japan) (En)	647718f9	1048576	Parodius Da! - Shinwa kara Owarai e (Japan) (En)
Populous (Japan) (En)	083c956a	524288	Populous (Japan) (En)
Power Drift (Japan) (En)	25e0f6e9	524288	Power Drift (Japan) (En)
Power Eleven (Japan)	3e647d8b	393216	Power Eleven (Japan)
Power Gate (Japan)	be8b6e3b	262144	Power Gate (Japan)
Power Golf (Japan) (En)	ea324f07	393216	Power Golf (USA)
Power Golf (USA)	ed1d3843	393216	Power Golf (USA)
Power League '93 (Japan)	7d3e6f33	786432	Power League '93 (Japan)
Power League (Japan)	69180984	262144	World Class Baseball (USA)
Power League 4 (Japan)	30cc3563	524288	Power League 4 (Japan)
Power League 5 (Japan)	8b61e029	786432	Power League 5 (Japan)
Power League II (Japan)	c5fdfa89	393216	Power League II (Japan)
Power League III (Japan)	8aa4b220	393216	Power League III (Japan)
Power Sports (Japan)	29eec024	524288	World Sports Competition (USA)
Power Sports (Japan) (Wii U Virtual Console)	95830103	524288	World Sports Competition (USA)
Power Tennis (Japan)	8def5aa1	524288	Power Tennis (Japan)
Pro Tennis - World Court (Japan)	11a36745	262144	World Court Tennis (USA)
Pro Yakyuu World Stadium '91 (Japan)	66b167a9	262144	Pro Yakyuu World Stadium '91 (Japan)
Pro Yakyuu World Stadium (Japan)	34e089a9	262144	Pro Yakyuu World Stadium (Japan)
Psycho Chaser (Japan) (En)	03883ee8	262144	Psycho Chaser (Japan) (En)
Psychosis (USA)	6cc10824	262144	Psychosis (USA)
Puzzle Boy (Japan)	faa6e187	262144	Puzzle Boy (Japan)
Puzznic (Japan) (En)	965c95b3	262144	Puzznic (Japan) (En)
R-Type (USA)	91ce5156	524288	R-Type (USA)
R-Type I (Japan) (En)	cec3d28a	262144	R-Type I (Japan) (En)
R-Type II (Japan) (En)	f207ecae	262144	R-Type II (Japan) (En)
R-Type II (Japan) (En) (V1.1)	417b961d	262144	R-Type II (Japan) (En)
Rabio Lepus Special (Japan)	d8373de6	393216	Rabio Lepus Special (Japan)
Racing Damashii (Japan)	3e79734c	524288	Racing Damashii (Japan)
Raiden (Japan) (En)	850829f2	786432	Raiden (USA)
Raiden (USA)	bc59c31e	786432	Raiden (USA)
Rastan Saga II (Japan) (En)	00c38e69	393216	Rastan Saga II (Japan) (En)
Rock-On (Japan)	2fd65312	393216	Rock-On (Japan)
Ryuukyuu (Japan)	91e6896f	262144	Ryuukyuu (Japan)
S.C.I. - Special Criminal Investigation (Japan)	09a0bfcc	524288	S.C.I. - Special Criminal Investigation (Japan)
Sadakichi Seven - Hideyoshi no Ougon (Japan)	f999356f	262144	Sadakichi Seven - Hideyoshi no Ougon (Japan)
Saigo no Nindou - Ninja Spirit (Japan)	0590a156	524288	Ninja Spirit (USA)
Saigo no Nindou - Ninja Spirit (Japan) (Wii U Virtual Console)	5ecbb3ac	524288	Ninja Spirit (USA)
Salamander (Japan) (En)	faecce20	262144	Salamander (Japan) (En)
Salamander (Japan) (En) (PC Engine Mini)	83b0c3a4	1048576	Salamander (Japan) (En)
Salamander (World) (Wii U Virtual Console)	a869a0b4	262144	Salamander (Japan) (En)
Samurai-Ghost (USA)	77a924b7	524288	Samurai-Ghost (USA)
Sekigahara (Japan)	2e955051	524288	Sekigahara (Japan)
Sengoku Mahjong (Japan)	90e6bf49	262144	Sengoku Mahjong (Japan)
Shanghai (Japan)	6923d736	131072	Shanghai (Japan)
Shinobi (Japan)	bc655cf3	393216	Shinobi (Japan)
Shiryou Sensen - War of the Dead (Japan)	469a0fdf	262144	Shiryou Sensen - War of the Dead (Japan)
Shockman (USA)	2774462c	524288	Shockman (USA)
Shougi Shodan Icchokusen (Japan)	23ec8970	262144	Shougi Shodan Icchokusen (Japan)
Shougi Shoshinsha Muyou (Japan)	457f2bc4	262144	Shougi Shoshinsha Muyou (Japan)
SideArms (USA)	d1993c9f	262144	SideArms (USA)
Silent Debuggers (Japan)	616ea179	524288	Silent Debuggers (USA)
Silent Debuggers (USA)	fa7e5d66	524288	Silent Debuggers (USA)
Sindibad - Chitei no Daimakyuu (Japan)	b5c4eebd	393216	Sindibad - Chitei no Daimakyuu (Japan)
Sinistron (USA)	4f6e2dbd	393216	Sinistron (USA)
Skweek (Japan) (En)	4d539c9f	262144	Skweek (Japan) (En)
Soldier Blade (Japan) (En)	8420b12b	524288	Soldier Blade (USA)
Soldier Blade (Japan) (En) (Wii U Virtual Console)	1d8701c9	524288	Soldier Blade (USA)
Soldier Blade (USA)	4bb68b13	524288	Soldier Blade (USA)
Soldier Blade (USA, Europe) (Wii U Virtual Console)	d2113bf1	524288	Soldier Blade (USA)
Soldier Blade - Special Version (Japan) (En)	f39f38ed	524288	Soldier Blade - Special Version (Japan) (En)
Somer Assault (USA)	8fcaf2e9	524288	Somer Assault (USA)
Son Son II (Japan)	d7921df2	262144	Son Son II (Japan)
Sonic Spike - World Championship Beach Volleyball (USA)	f74e5eb3	262144	Sonic Spike - World Championship Beach Volleyball (USA)
Soukoban World (Japan)	fb37ddc4	131072	Boxyboy (USA)
Space Harrier (Japan) (En)	64580427	524288	Space Harrier (USA)
Space Harrier (USA)	43b05eb8	524288	Space Harrier (USA)
Space Invaders - Fukkatsu no Hi (Japan)	99496db3	262144	Space Invaders - Fukkatsu no Hi (Japan)
Spin Pair (Japan) (En)	1c6ff459	262144	Spin Pair (Japan) (En)
Spiral Wave (Japan)	a5290dd0	524288	Spiral Wave (Japan)
Splatterhouse (Japan) (En)	6b319457	524288	Splatterhouse (USA)
Splatterhouse (USA)	d00ca74f	524288	Splatterhouse (USA)
Stratego (Japan)	727f4656	262144	Stratego (Japan)
Street Fighter II' - Champion Edition (Japan)	d15cb6bb	2621440	Street Fighter II' - Champion Edition (Japan)
Super Metal Crusher (Japan) (En)	56488b36	262144	Super Metal Crusher (Japan) (En)
Super Momotarou Dentetsu (Japan)	3eb5304a	393216	Super Momotarou Dentetsu (Japan)
Super Momotarou Dentetsu (Japan) (Alt)	69d52e7a	393216	Super Momotarou Dentetsu (Japan)
Super Momotarou Dentetsu II (Japan)	2bc023fc	786432	Super Momotarou Dentetsu II (Japan)
Super Star Soldier (Japan)	5d0e3105	524288	Super Star Soldier (USA)
Super Star Soldier (Japan) (Wii U Virtual Console)	71a5a90b	524288	Super Star Soldier (USA)
Super Star Soldier (USA)	db29486f	524288	Super Star Soldier (USA)
Super Star Soldier (USA, Europe) (Wii U Virtual Console)	0fca781a	524288	Super Star Soldier (USA)
Super Volley Ball (Japan)	ce2e4f9f	262144	Super Volleyball (USA)
Super Volleyball (USA)	245040b3	262144	Super Volleyball (USA)
Susanoou Densetsu (Japan)	cf73d8fc	524288	Susanoou Densetsu (Japan)
TV Sports Basketball (Japan)	10b60601	524288	TV Sports Basketball (USA)
TV Sports Basketball (USA)	ea54d653	524288	TV Sports Basketball (USA)
TV Sports Football (Japan)	968d908a	393216	TV Sports Football (USA)
TV Sports Football (USA)	5e25b557	393216	TV Sports Football (USA)
TV Sports Hockey (Japan) (En)	e7529890	393216	TV Sports Hockey (USA)
TV Sports Hockey (USA)	97fe5bcf	393216	TV Sports Hockey (USA)
Taito Chase H.Q. (Japan)	6f4fd790	393216	Chase H.Q. (USA)
Takahashi Meijin no Shin Bouken-jima (Japan) (En)	e415ea19	524288	New Adventure Island (USA)
Takahashi Meijin no Shin Bouken-jima (Japan) (En) (Wii U Virtual Console)	b0a4ef0b	524288	New Adventure Island (USA)
Takeda Shingen (Japan)	f022be13	262144	Takeda Shingen (Japan)
Takin' It to the Hoop (USA)	e9d51797	262144	Takin' It to the Hoop (USA)
TaleSpin (USA)	bae9cecc	524288	TaleSpin (USA)
Tatsujin (Japan) (En)	a6088275	524288	Tatsujin (Japan) (En)
Tatsujin (Japan) (En) (Beta)	c1b26659	524288	Tatsujin (Japan) (En)
Tatsunoko Fighter (Japan)	eeb6dd43	262144	Tatsunoko Fighter (Japan)
Tenseiryuu - Saint Dragon (Japan) (En)	2e278ccb	393216	Tenseiryuu - Saint Dragon (Japan) (En)
Terra Cresta II - Mandoler no Gyakushuu (Japan) (En)	1b2d0077	524288	Terra Cresta II - Mandoler no Gyakushuu (Japan) (En)
Thunder Blade (Japan) (En)	ddc3e809	524288	Thunder Blade (Japan) (En)
Tiger Road (USA)	985d492d	393216	Tiger Road (USA)
Time Cruise (USA)	02c39660	524288	Time Cruise (USA)
Time Cruise II (Japan) (En)	cfec1d6a	524288	Time Cruise (USA)
Timeball (USA)	5d395019	131072	Timeball (USA)
Titan (Japan) (En)	d20f382f	262144	Titan (Japan) (En)
Toilet Kids (Japan)	53b7784b	524288	Toilet Kids (Japan)
Tora e no Michi (Japan)	82ae3b16	393216	Tiger Road (USA)
Tower of Druaga, The (Japan)	72e00bc4	524288	Tower of Druaga, The (Japan)
Toy Shop Boys (Japan) (En)	97c5ee9a	262144	Toy Shop Boys (Japan) (En)
Tricky (Japan)	3aea2f8f	262144	Tricky Kick (USA)
Tricky Kick (USA)	48e6fd34	262144	Tricky Kick (USA)
Tsuppari Oozumou - Heisei Ban (Japan)	61a6e210	262144	Tsuppari Oozumou - Heisei Ban (Japan)
Tsuru Teruhito no Jissen Kabushiki Bai Bai Game (Japan)	f70112e5	262144	Tsuru Teruhito no Jissen Kabushiki Bai Bai Game (Japan)
Turrican (USA)	eb045edf	262144	Turrican (USA)
USA Pro Basketball (Japan)	1cad4b7f	262144	Takin' It to the Hoop (USA)
Valkyrie no Densetsu (Japan)	a3303978	524288	Valkyrie no Densetsu (Japan)
Veigues - Tactical Gladiator (Japan) (En)	04188c5c	393216	Veigues - Tactical Gladiator (USA)
Veigues - Tactical Gladiator (USA)	99d14fb7	393216	Veigues - Tactical Gladiator (USA)
Victory Run (USA)	85cbd045	262144	Victory Run (USA)
Victory Run (USA, Europe) (Wii U Virtual Console)	aac2876f	262144	Victory Run (USA)
Victory Run - Eikou no 13,000km (Japan) (En)	03e28cff	262144	Victory Run (USA)
Victory Run - Eikou no 13,000km (Japan) (En) (Wii U Virtual Console)	2cebdbd5	262144	Victory Run (USA)
Vigilante (Japan) (En)	e4124fe0	393216	Vigilante (USA)
Vigilante (USA)	79d49a0d	393216	Vigilante (USA)
Violent Soldier (Japan) (En)	1bc36b36	393216	Sinistron (USA)
Volfied (Japan) (En)	ad226f30	393216	Volfied (Japan) (En)
W Ring - The Double Rings (Japan) (En)	be990010	393216	W Ring - The Double Rings (Japan) (En)
Wai Wai Mahjong - Yukai na Janyuu-tachi (Japan)	a2a0776e	262144	Wai Wai Mahjong - Yukai na Janyuu-tachi (Japan)
Wallaby!! (Japan)	0112d0c7	393216	Wallaby!! (Japan)
Wallaby!! (Japan) (Wii U Virtual Console)	7d023b19	393216	Wallaby!! (Japan)
Winning Shot (Japan)	9b5ebc58	262144	Winning Shot (Japan)
Wonder Momo (Japan)	59d07314	262144	Wonder Momo (Japan)
World Beach Volley (Japan) (En)	be850530	262144	Sonic Spike - World Championship Beach Volleyball (USA)
World Circuit (Japan)	b3eeea2e	262144	World Circuit (Japan)
World Class Baseball (USA)	4186d0c0	262144	World Class Baseball (USA)
World Class Baseball (USA, Europe) (Wii Virtual Console)	61b3c8c8	262144	World Class Baseball (USA)
World Court Tennis (USA)	a4457df0	262144	World Court Tennis (USA)
World Jockey (Japan)	a9ab2954	262144	World Jockey (Japan)
World Sports Competition (USA)	4b93f0ac	524288	World Sports Competition (USA)
World Sports Competition (USA, Europe) (Wii U Virtual Console)	9aeb5d26	524288	World Sports Competition (USA)
Xevious - Fardraut Densetsu (Japan)	f8f85eec	262144	Xevious - Fardraut Densetsu (Japan)
Yo' Bro (USA)	3ca7db48	524288	Yo' Bro (USA)
You-You Jinsei (Japan)	c0905ca9	262144	You-You Jinsei (Japan)
Youkai Douchuuki (Japan)	80c3f824	262144	Youkai Douchuuki (Japan)
Zero4 Champ (Japan)	ee156721	524288	Zero4 Champ (Japan)
Zero4 Champ (Japan) (V1.5)	b77f2e2f	524288	Zero4 Champ (Japan)
Zipang (Japan) (En)	67aab7a1	262144	Zipang (Japan) (En)
