#key	style	ss_system_id
1943 Kai (Japan)	box-3D	31
21 Emon - Mezase! Hotel Ou (Japan)	box-3D	31
Aero Blasters (USA)	box-3D	31
After Burner II (Japan) (En)	box-3D	31
Air Zonk (USA)	box-3D	31
Alien Crush (USA)	box-3D	31
All Star Power League (Japan)	box-3D	31
Andre Panza Kick Boxing (USA)	box-3D	31
Aoi Blink (Japan)	box-3D	31
Appare! Gateball (Japan)	box-3D	31
Armed F (Japan) (En)	box-3D	31
Artist Tool (Japan)	box-3D	31
Atomic Robo-Kid Special (Japan) (En)	box-3D	31
Ballistix (USA)	box-3D	31
Bari Bari Densetsu (Japan)	box-3D	31
Barunba (Japan)	box-3D	31
Batman (Japan) (En)	box-3D	31
Battle Lode Runner (Japan) (En)	box-3D	31
Battle Royale (USA)	box-3D	31
Benkei Gaiden (Japan)	box-3D	31
Bikkuriman World (Japan)	box-3D	31
Blazing Lazers (USA)	box-3D	31
Bloody Wolf (USA)	box-3D	31
Bomberman '93 (USA)	box-3D	31
Bomberman '93 - Special Version (Japan)	box-3D	31
Bomberman '94 (Japan)	box-3D	31
Bomberman (USA)	box-3D	31
Bomberman - Users Battle (Japan)	box-3D	31
Bonk 3 - Bonk's Big Adventure (USA)	box-3D	31
Bonk's Adventure (USA)	box-3D	31
Bonk's Revenge (USA)	box-3D	31
Bouken Danshaku Don - The Lost Sunheart (Japan)	box-3D	31
Boxyboy (USA)	box-3D	31
Bravoman (USA)	box-3D	31
Break In (Japan) (En)	box-3D	31
Bubblegum Crash! (Japan)	box-3D	31
Bull Fight - Ring no Hasha (Japan)	box-3D	31
Burning Angels (Japan)	box-3D	31
Cadash (USA)	box-3D	31
Champion Wrestler (Japan) (En)	box-3D	31
Champions Forever Boxing (USA)	box-3D	31
Chase H.Q. (USA)	box-3D	31
Chew-Man-Fu (USA)	box-3D	31
Chibi Maruko-chan - Quiz de Piihyara (Japan)	box-3D	31
Chikudenya Toubei - Kubikiri Yakata Yori (Japan)	box-3D	31
China Warrior (USA)	box-3D	31
Circus Lido (Japan) (En)	box-3D	31
City Hunter (Japan)	box-3D	31
Columns (Japan)	box-3D	31
Coryoon (Japan)	box-3D	31
Cratermaze (USA)	box-3D	31
Cross Wiber - Cyber Combat Police (Japan) (En)	box-3D	31
Cyber Cross (Japan)	box-3D	31
Cyber Dodge (Japan) (En)	box-3D	31
Cyber Knight (Japan)	box-3D	31
Cyber-Core (USA)	box-3D	31
Daichi-kun Crisis - Do Natural (Japan)	box-3D	31
Daisenpuu (Japan) (En)	box-3D	31
Darius Alpha (Japan) (En) (SG Enhanced)	box-3D	31
Darius Plus (Japan) (En) (SG Enhanced)	box-3D	31
Darkwing Duck (USA)	box-3D	31
Davis Cup Tennis (USA)	box-3D	31
Dead Moon (USA)	box-3D	31
Deep Blue (USA)	box-3D	31
Detana!! TwinBee (Japan)	box-3D	31
Devil's Crush (USA)	box-3D	31
Die Hard (Japan)	box-3D	31
Digital Champ - Battle Boxing (Japan)	box-3D	31
Don Doko Don! (Japan)	box-3D	31
Doraemon - Nobita no Dorabian Night (Japan)	box-3D	31
Double Dungeons (USA)	box-3D	31
Down Load (Japan)	box-3D	31
Dragon Egg! (Japan)	box-3D	31
Dragon Saber (Japan) (En)	box-3D	31
Dragon Spirit (USA)	box-3D	31
Dragon's Curse (USA)	box-3D	31
Drop Off (USA)	box-3D	31
Dungeon Explorer (USA)	box-3D	31
Dungeons & Dragons - Order of the Griffon (USA)	box-3D	31
Energy (Japan)	box-3D	31
Eternal City - Toshi Tensou Keikaku (Japan)	box-3D	31
F-1 Dream (Japan)	box-3D	31
F-1 Pilot - You're King of Kings (Japan)	box-3D	31
F1 Circus '91 (Japan)	box-3D	31
F1 Circus '92 (Japan)	box-3D	31
F1 Circus (Japan)	box-3D	31
F1 Triple Battle (Japan) (En)	box-3D	31
Falcon (USA)	box-3D	31
Fantasy Zone (USA)	box-3D	31
Fighting Run (Japan)	box-3D	31
Final Blaster (Japan) (En)	box-3D	31
Final Lap Twin (USA)	box-3D	31
Final Match Tennis (Japan)	box-3D	31
Final Soldier (Japan) (En)	box-3D	31
Fire Pro Wrestling - 2nd Bout (Japan)	box-3D	31
Fire Pro Wrestling - Combination Tag (Japan)	box-3D	31
Fire Pro Wrestling 3 - Legend Bout (Japan)	box-3D	31
Formation Soccer - Human Cup '90 (Japan) (En)	box-3D	31
Formation Soccer - On J.League (Japan)	box-3D	31
Fushigi no Yume no Alice (Japan)	box-3D	31
Gai Flame (Japan)	box-3D	31
Gaia no Monshou (Japan)	box-3D	31
Galaga '90 (USA)	box-3D	31
Ganbare! Golf Boys (Japan)	box-3D	31
Gekisha Boy (Japan)	box-3D	31
Genji Tsuushin Agedama (Japan)	box-3D	31
Genpei Toumaden (Japan)	box-3D	31
Ghost Manor (USA)	box-3D	31
Gokuraku! Chuuka Taisen (Japan)	box-3D	31
Gomola Speed (Japan) (En)	box-3D	31
Gradius (Japan) (En)	box-3D	31
Gunboat (USA)	box-3D	31
Gunhed - Special Version (Japan) (En)	box-3D	31
Hana Taaka Daka! (Japan)	box-3D	31
Hanii in the Sky (Japan)	box-3D	31
Hanii on the Road (Japan)	box-3D	31
Hatris (Japan) (En)	box-3D	31
Heavy Unit (Japan) (En)	box-3D	31
Hisou Kihei X-SERD (Japan)	box-3D	31
Hit the Ice - VHL - The Official Video Hockey League (USA)	box-3D	31
Honoo no Toukyuuji - Dodge Danpei (Japan)	box-3D	31
ImageFight (Japan) (En)	box-3D	31
Impossamole (USA)	box-3D	31
J.J. & Jeff (USA)	box-3D	31
J.League Greatest Eleven (Japan)	box-3D	31
Jack Nicklaus' Turbo Golf (USA)	box-3D	31
Jackie Chan's Action Kung Fu (USA)	box-3D	31
Jaseiken Necromancer (Japan)	box-3D	31
Jigoku Meguri (Japan)	box-3D	31
Jinmu Denshou (Japan)	box-3D	31
Juuouki (Japan)	box-3D	31
Kaizou Choujin Shubibinman (Japan)	box-3D	31
Kattobi! Takuhai-kun (Japan)	box-3D	31
Keith Courage in Alpha Zones (USA)	box-3D	31
KickBall (Japan)	box-3D	31
Kiki Kaikai (Japan) (En)	box-3D	31
King of Casino (USA)	box-3D	31
Klax (USA)	box-3D	31
Knight Rider Special (Japan)	box-3D	31
Kore ga Pro Yakyuu '89 (Japan)	box-3D	31
Kore ga Pro Yakyuu '90 (Japan)	box-3D	31
Kyuukyoku Tiger (Japan) (En)	box-3D	31
Legend of Hero Tonma (USA)	box-3D	31
Legendary Axe II (USA)	box-3D	31
Legendary Axe, The (USA)	box-3D	31
Lode Runner - Lost Labyrinth (Japan)	box-3D	31
Maerchen Maze (Japan)	box-3D	31
Magical Chase (USA)	box-3D	31
Mahjong Gakuen - Touma Soushirou Toujou (Japan)	box-3D	31
Mahjong Gakuen Mild - Touma Soushirou Toujou (Japan)	box-3D	31
Mahjong Gokuu Special (Japan)	box-3D	31
Mahjong Haouden - Kaiser's Quest (Japan)	box-3D	31
Mahjong Shikaku Retsuden - Mahjong Wars (Japan)	box-3D	31
Maison Ikkoku (Japan)	box-3D	31
Makai Hakkenden - Shada (Japan)	box-3D	31
Makai Prince Dorabocchan (Japan)	box-3D	31
Maniac Pro Wres - Asu e no Tatakai (Japan)	box-3D	31
Metal Stoker (Japan) (En)	box-3D	31
Military Madness (USA)	box-3D	31
Mizubaku Daibouken (Japan)	box-3D	31
Momotarou Densetsu Gaiden - Dai-1-shuu (Japan)	box-3D	31
Momotarou Densetsu II (Japan)	box-3D	31
Momotarou Densetsu Turbo (Japan)	box-3D	31
Momotarou Katsugeki (Japan)	box-3D	31
Monster Pro Wres (Japan)	box-3D	31
Morita Shougi PC (Japan)	box-3D	31
Moto Roader (USA)	box-3D	31
Moto Roader II (Japan) (En)	box-3D	31
Mr. Heli no Daibouken (Japan)	box-3D	31
NHK Taiga Drama - Taiheiki (Japan)	box-3D	31
Naxat Open (Japan)	box-3D	31
Naxat Stadium (Japan)	box-3D	31
Nazo no Mascarade (Japan)	box-3D	31
Necros no Yousai (Japan)	box-3D	31
Nekketsu Koukou Dodgeball-bu - PC Bangai Hen (Japan)	box-3D	31
Nekketsu Koukou Dodgeball-bu - PC Soccer Hen (Japan)	box-3D	31
Neutopia (USA)	box-3D	31
Neutopia II (USA)	box-3D	31
New Adventure Island (USA)	box-3D	31
NewZealand Story, The (Japan) (En)	box-3D	31
Night Creatures (USA)	box-3D	31
Ninja Ryuuken Den (Japan) (En,Ja,Zh)	box-3D	31
Ninja Spirit (USA)	box-3D	31
Ninjawarriors, The (Japan)	box-3D	31
Obocchama-kun (Japan)	box-3D	31
Off the Wall (USA) (Proto)	mixrbv2	31
Okaasan to Issho - Niko Niko Pun (Japan)	box-3D	31
Operation Wolf (Japan)	box-3D	31
Ordyne (USA)	box-3D	31
Out Live (Japan)	box-3D	31
OutRun (Japan) (En)	box-3D	31
Override (Japan) (En)	box-3D	31
P-47 - The Freedom Fighter (Japan) (En)	box-3D	31
Pac-Land (USA)	box-3D	31
Pachio-kun - Juuban Shoubu (Japan)	box-3D	31
Parasol Stars - The Story of Bubble Bobble III (USA)	box-3D	31
Parodius Da! - Shinwa kara Owarai e (Japan) (En)	box-3D	31
Populous (Japan) (En)	box-3D	31
Power Drift (Japan) (En)	box-3D	31
Power Eleven (Japan)	box-3D	31
Power Gate (Japan)	box-3D	31
Power Golf (USA)	box-3D	31
Power League '93 (Japan)	box-3D	31
Power League 4 (Japan)	box-3D	31
Power League 5 (Japan)	box-3D	31
Power League II (Japan)	box-3D	31
Power League III (Japan)	box-3D	31
Power Tennis (Japan)	box-3D	31
Pro Yakyuu World Stadium '91 (Japan)	box-3D	31
Pro Yakyuu World Stadium (Japan)	box-3D	31
Psycho Chaser (Japan) (En)	box-3D	31
Psychosis (USA)	box-3D	31
Puzzle Boy (Japan)	box-3D	31
Puzznic (Japan) (En)	box-3D	31
R-Type (USA)	box-3D	31
R-Type I (Japan) (En)	box-3D	31
R-Type II (Japan) (En)	box-3D	31
Rabio Lepus Special (Japan)	box-3D	31
Racing Damashii (Japan)	box-3D	31
Raiden (USA)	box-3D	31
Rastan Saga II (Japan) (En)	box-3D	31
Rock-On (Japan)	box-3D	31
Ryuukyuu (Japan)	box-3D	31
S.C.I. - Special Criminal Investigation (Japan)	box-3D	31
Sadakichi Seven - Hideyoshi no Ougon (Japan)	box-3D	31
Salamander (Japan) (En)	box-3D	31
Samurai-Ghost (USA)	box-3D	31
Sekigahara (Japan)	box-3D	31
Sengoku Mahjong (Japan)	box-3D	31
Shanghai (Japan)	box-3D	31
Shinobi (Japan)	box-3D	31
Shiryou Sensen - War of the Dead (Japan)	box-3D	31
Shockman (USA)	box-3D	31
Shougi Shodan Icchokusen (Japan)	box-3D	31
Shougi Shoshinsha Muyou (Japan)	box-3D	31
SideArms (USA)	box-3D	31
Silent Debuggers (USA)	box-3D	31
Sindibad - Chitei no Daimakyuu (Japan)	box-3D	31
Sinistron (USA)	box-3D	31
Skweek (Japan) (En)	box-3D	31
Soldier Blade (USA)	box-3D	31
Soldier Blade - Special Version (Japan) (En)	box-3D	31
Somer Assault (USA)	box-3D	31
Son Son II (Japan)	box-3D	31
Sonic Spike - World Championship Beach Volleyball (USA)	box-3D	31
Space Harrier (USA)	box-3D	31
Space Invaders - Fukkatsu no Hi (Japan)	box-3D	31
Spin Pair (Japan) (En)	box-3D	31
Spiral Wave (Japan)	box-3D	31
Splatterhouse (USA)	box-3D	31
Stratego (Japan)	box-3D	31
Street Fighter II' - Champion Edition (Japan)	box-3D	31
Super Metal Crusher (Japan) (En)	box-3D	31
Super Momotarou Dentetsu (Japan)	box-3D	31
Super Momotarou Dentetsu II (Japan)	box-3D	31
Super Star Soldier (USA)	box-3D	31
Super Volleyball (USA)	box-3D	31
Susanoou Densetsu (Japan)	box-3D	31
TV Sports Basketball (USA)	box-3D	31
TV Sports Football (USA)	box-3D	31
TV Sports Hockey (USA)	box-3D	31
Takeda Shingen (Japan)	box-3D	31
Takin' It to the Hoop (USA)	box-3D	31
TaleSpin (USA)	box-3D	31
Tatsujin (Japan) (En)	box-3D	31
Tatsunoko Fighter (Japan)	box-3D	31
Tenseiryuu - Saint Dragon (Japan) (En)	box-3D	31
Terra Cresta II - Mandoler no Gyakushuu (Japan) (En)	box-3D	31
Thunder Blade (Japan) (En)	box-3D	31
Tiger Road (USA)	box-3D	31
Time Cruise (USA)	box-3D	31
Timeball (USA)	box-3D	31
Titan (Japan) (En)	box-3D	31
Toilet Kids (Japan)	box-3D	31
Tower of Druaga, The (Japan)	box-3D	31
Toy Shop Boys (Japan) (En)	box-3D	31
Tricky Kick (USA)	box-3D	31
Tsuppari Oozumou - Heisei Ban (Japan)	box-3D	31
Tsuru Teruhito no Jissen Kabushiki Bai Bai Game (Japan)	box-3D	31
Turrican (USA)	box-3D	31
Valkyrie no Densetsu (Japan)	box-3D	31
Veigues - Tactical Gladiator (USA)	box-3D	31
Victory Run (USA)	box-3D	31
Vigilante (USA)	box-3D	31
Volfied (Japan) (En)	box-3D	31
W Ring - The Double Rings (Japan) (En)	box-3D	31
Wai Wai Mahjong - Yukai na Janyuu-tachi (Japan)	box-3D	31
Wallaby!! (Japan)	box-3D	31
Winning Shot (Japan)	box-3D	31
Wonder Momo (Japan)	box-3D	31
World Circuit (Japan)	box-3D	31
World Class Baseball (USA)	box-3D	31
World Court Tennis (USA)	box-3D	31
World Jockey (Japan)	box-3D	31
World Sports Competition (USA)	box-3D	31
Xevious - Fardraut Densetsu (Japan)	box-3D	31
Yo' Bro (USA)	box-3D	31
You-You Jinsei (Japan)	box-3D	31
Youkai Douchuuki (Japan)	box-3D	31
Zero4 Champ (Japan)	box-3D	31
Zipang (Japan) (En)	box-3D	31
