#key	style	ss_system_id	encoding
1943 Kai (Japan)	ss	31	lossless
21 Emon - Mezase! Hotel Ou (Japan)	ss	31	lossless
Aero Blasters (USA)	ss	31	lossless
After Burner II (Japan) (En)	ss	31	lossless
Air Zonk (USA)	ss	31	lossless
Alien Crush (USA)	ss	31	lossless
All Star Power League (Japan)	ss	31	lossless
Andre Panza Kick Boxing (USA)	ss	31	lossless
Aoi Blink (Japan)	ss	31	lossless
Appare! Gateball (Japan)	ss	31	lossless
Armed F (Japan) (En)	ss	31	lossless
Artist Tool (Japan)	ss	31	lossless
Atomic Robo-Kid Special (Japan) (En)	ss	31	lossless
Ballistix (USA)	ss	31	lossless
Bari Bari Densetsu (Japan)	ss	31	lossless
Barunba (Japan)	ss	31	lossless
Batman (Japan) (En)	ss	31	lossless
Battle Lode Runner (Japan) (En)	ss	31	lossless
Battle Royale (USA)	ss	31	lossless
Benkei Gaiden (Japan)	ss	31	lossless
Bikkuriman World (Japan)	ss	31	lossless
Blazing Lazers (USA)	ss	31	lossless
Bloody Wolf (USA)	ss	31	lossless
Bomberman '93 (USA)	ss	31	lossless
Bomberman '93 - Special Version (Japan)	lr-snaps	31	lossless
Bomberman '94 (Japan)	ss	31	lossless
Bomberman (USA)	ss	31	lossless
Bonk 3 - Bonk's Big Adventure (USA)	ss	31	lossless
Bonk's Adventure (USA)	ss	31	lossless
Bonk's Revenge (USA)	ss	31	lossless
Bouken Danshaku Don - The Lost Sunheart (Japan)	ss	31	lossless
Boxyboy (USA)	ss	31	lossless
Bravoman (USA)	ss	31	lossless
Break In (Japan) (En)	ss	31	lossless
Bubblegum Crash! (Japan)	ss	31	lossless
Bull Fight - Ring no Hasha (Japan)	ss	31	lossless
Burning Angels (Japan)	ss	31	lossless
Cadash (USA)	ss	31	lossless
Champion Wrestler (Japan) (En)	ss	31	lossless
Champions Forever Boxing (USA)	ss	31	lossless
Chase H.Q. (USA)	ss	31	lossless
Chew-Man-Fu (USA)	ss	31	lossless
Chibi Maruko-chan - Quiz de Piihyara (Japan)	ss	31	lossless
Chikudenya Toubei - Kubikiri Yakata Yori (Japan)	ss	31	lossless
China Warrior (USA)	ss	31	lossless
Circus Lido (Japan) (En)	ss	31	lossless
City Hunter (Japan)	ss	31	lossless
Columns (Japan)	ss	31	lossless
Coryoon (Japan)	ss	31	lossless
Cratermaze (USA)	ss	31	lossless
Cross Wiber - Cyber Combat Police (Japan) (En)	ss	31	lossless
Cyber Cross (Japan)	ss	31	lossless
Cyber Dodge (Japan) (En)	ss	31	lossless
Cyber Knight (Japan)	ss	31	lossless
Cyber-Core (USA)	ss	31	lossless
Daichi-kun Crisis - Do Natural (Japan)	ss	31	lossless
Daisenpuu (Japan) (En)	ss	31	lossless
Darius Alpha (Japan) (En) (SG Enhanced)	ss	31	lossless
Darius Plus (Japan) (En) (SG Enhanced)	ss	31	lossless
Darkwing Duck (USA)	ss	31	lossless
Davis Cup Tennis (USA)	ss	31	lossless
Dead Moon (USA)	ss	31	lossless
Deep Blue (USA)	ss	31	lossless
Detana!! TwinBee (Japan)	ss	31	lossless
Devil's Crush (USA)	ss	31	lossless
Die Hard (Japan)	ss	31	lossless
Digital Champ - Battle Boxing (Japan)	ss	31	lossless
Don Doko Don! (Japan)	ss	31	lossless
Doraemon - Nobita no Dorabian Night (Japan)	ss	31	lossless
Double Dungeons (USA)	ss	31	lossless
Down Load (Japan)	ss	31	lossless
Dragon Egg! (Japan)	ss	31	lossless
Dragon Saber (Japan) (En)	ss	31	lossless
Dragon Spirit (USA)	ss	31	lossless
Dragon's Curse (USA)	ss	31	lossless
Drop Off (USA)	ss	31	lossless
Dungeon Explorer (USA)	ss	31	lossless
Dungeons & Dragons - Order of the Griffon (USA)	ss	31	lossless
Energy (Japan)	ss	31	lossless
Eternal City - Toshi Tensou Keikaku (Japan)	ss	31	lossless
F-1 Dream (Japan)	ss	31	lossless
F-1 Pilot - You're King of Kings (Japan)	ss	31	lossless
F1 Circus '91 (Japan)	ss	31	lossless
F1 Circus '92 (Japan)	ss	31	lossless
F1 Circus (Japan)	ss	31	lossless
F1 Triple Battle (Japan) (En)	ss	31	lossless
Falcon (USA)	ss	31	lossless
Fantasy Zone (USA)	ss	31	lossless
Fighting Run (Japan)	ss	31	lossless
Final Blaster (Japan) (En)	ss	31	lossless
Final Lap Twin (USA)	ss	31	lossless
Final Match Tennis (Japan)	ss	31	lossless
Final Soldier (Japan) (En)	ss	31	lossless
Fire Pro Wrestling - 2nd Bout (Japan)	ss	31	lossless
Fire Pro Wrestling - Combination Tag (Japan)	ss	31	lossless
Fire Pro Wrestling 3 - Legend Bout (Japan)	ss	31	lossless
Formation Soccer - Human Cup '90 (Japan) (En)	ss	31	lossless
Formation Soccer - On J.League (Japan)	ss	31	lossless
Fushigi no Yume no Alice (Japan)	ss	31	lossless
Gai Flame (Japan)	ss	31	lossless
Gaia no Monshou (Japan)	ss	31	lossless
Galaga '90 (USA)	ss	31	lossless
Ganbare! Golf Boys (Japan)	ss	31	lossless
Gekisha Boy (Japan)	ss	31	lossless
Genji Tsuushin Agedama (Japan)	ss	31	lossless
Genpei Toumaden (Japan)	ss	31	lossless
Ghost Manor (USA)	ss	31	lossless
Gokuraku! Chuuka Taisen (Japan)	ss	31	lossless
Gomola Speed (Japan) (En)	ss	31	lossless
Gradius (Japan) (En)	ss	31	lossless
Gunboat (USA)	ss	31	lossless
Hana Taaka Daka! (Japan)	ss	31	lossless
Hanii in the Sky (Japan)	ss	31	lossless
Hanii on the Road (Japan)	ss	31	lossless
Hatris (Japan) (En)	ss	31	lossless
Heavy Unit (Japan) (En)	ss	31	lossless
Hisou Kihei X-SERD (Japan)	ss	31	lossless
Hit the Ice - VHL - The Official Video Hockey League (USA)	ss	31	lossless
Honoo no Toukyuuji - Dodge Danpei (Japan)	ss	31	lossless
ImageFight (Japan) (En)	ss	31	lossless
Impossamole (USA)	ss	31	lossless
J.J. & Jeff (USA)	ss	31	lossless
J.League Greatest Eleven (Japan)	ss	31	lossless
Jack Nicklaus' Turbo Golf (USA)	ss	31	lossless
Jackie Chan's Action Kung Fu (USA)	ss	31	lossless
Jaseiken Necromancer (Japan)	ss	31	lossless
Jigoku Meguri (Japan)	ss	31	lossless
Jinmu Denshou (Japan)	ss	31	lossless
Juuouki (Japan)	ss	31	lossless
Kaizou Choujin Shubibinman (Japan)	ss	31	lossless
Kattobi! Takuhai-kun (Japan)	ss	31	lossless
Keith Courage in Alpha Zones (USA)	ss	31	lossless
KickBall (Japan)	ss	31	lossless
Kiki Kaikai (Japan) (En)	ss	31	lossless
King of Casino (USA)	ss	31	lossless
Klax (USA)	ss	31	lossless
Knight Rider Special (Japan)	ss	31	lossless
Kore ga Pro Yakyuu '89 (Japan)	ss	31	lossless
Kore ga Pro Yakyuu '90 (Japan)	ss	31	lossless
Kyuukyoku Tiger (Japan) (En)	ss	31	lossless
Legend of Hero Tonma (USA)	ss	31	lossless
Legendary Axe II (USA)	ss	31	lossless
Legendary Axe, The (USA)	ss	31	lossless
Lode Runner - Lost Labyrinth (Japan)	ss	31	lossless
Maerchen Maze (Japan)	ss	31	lossless
Magical Chase (USA)	ss	31	lossless
Mahjong Gakuen - Touma Soushirou Toujou (Japan)	ss	31	lossless
Mahjong Gakuen Mild - Touma Soushirou Toujou (Japan)	ss	31	lossless
Mahjong Gokuu Special (Japan)	ss	31	lossless
Mahjong Haouden - Kaiser's Quest (Japan)	ss	31	lossless
Mahjong Shikaku Retsuden - Mahjong Wars (Japan)	ss	31	lossless
Maison Ikkoku (Japan)	ss	31	lossless
Makai Hakkenden - Shada (Japan)	ss	31	lossless
Makai Prince Dorabocchan (Japan)	ss	31	lossless
Maniac Pro Wres - Asu e no Tatakai (Japan)	ss	31	lossless
Metal Stoker (Japan) (En)	ss	31	lossless
Military Madness (USA)	ss	31	lossless
Mizubaku Daibouken (Japan)	ss	31	lossless
Momotarou Densetsu Gaiden - Dai-1-shuu (Japan)	ss	31	lossless
Momotarou Densetsu II (Japan)	ss	31	lossless
Momotarou Densetsu Turbo (Japan)	ss	31	lossless
Momotarou Katsugeki (Japan)	ss	31	lossless
Monster Pro Wres (Japan)	ss	31	lossless
Morita Shougi PC (Japan)	ss	31	lossless
Moto Roader (USA)	ss	31	lossless
Moto Roader II (Japan) (En)	ss	31	lossless
Mr. Heli no Daibouken (Japan)	ss	31	lossless
NHK Taiga Drama - Taiheiki (Japan)	ss	31	lossless
Naxat Open (Japan)	ss	31	lossless
Naxat Stadium (Japan)	ss	31	lossless
Nazo no Mascarade (Japan)	ss	31	lossless
Necros no Yousai (Japan)	ss	31	lossless
Nekketsu Koukou Dodgeball-bu - PC Bangai Hen (Japan)	ss	31	lossless
Nekketsu Koukou Dodgeball-bu - PC Soccer Hen (Japan)	ss	31	lossless
Neutopia (USA)	ss	31	lossless
Neutopia II (USA)	ss	31	lossless
New Adventure Island (USA)	ss	31	lossless
NewZealand Story, The (Japan) (En)	ss	31	lossless
Night Creatures (USA)	ss	31	lossless
Ninja Ryuuken Den (Japan) (En,Ja,Zh)	ss	31	lossless
Ninja Spirit (USA)	ss	31	lossless
Ninjawarriors, The (Japan)	ss	31	lossless
Obocchama-kun (Japan)	ss	31	lossless
Off the Wall (USA) (Proto)	ss	31	lossless
Okaasan to Issho - Niko Niko Pun (Japan)	ss	31	lossless
Operation Wolf (Japan)	ss	31	lossless
Ordyne (USA)	ss	31	lossless
Out Live (Japan)	ss	31	lossless
OutRun (Japan) (En)	ss	31	lossless
Override (Japan) (En)	ss	31	lossless
P-47 - The Freedom Fighter (Japan) (En)	ss	31	lossless
Pac-Land (USA)	ss	31	lossless
Pachio-kun - Juuban Shoubu (Japan)	ss	31	lossless
Parasol Stars - The Story of Bubble Bobble III (USA)	ss	31	lossless
Parodius Da! - Shinwa kara Owarai e (Japan) (En)	ss	31	lossless
Populous (Japan) (En)	ss	31	lossless
Power Drift (Japan) (En)	ss	31	lossless
Power Eleven (Japan)	ss	31	lossless
Power Gate (Japan)	ss	31	lossless
Power Golf (USA)	ss	31	lossless
Power League '93 (Japan)	ss	31	lossless
Power League 4 (Japan)	ss	31	lossless
Power League 5 (Japan)	ss	31	lossless
Power League II (Japan)	ss	31	lossless
Power League III (Japan)	ss	31	lossless
Power Tennis (Japan)	ss	31	lossless
Pro Yakyuu World Stadium '91 (Japan)	ss	31	lossless
Pro Yakyuu World Stadium (Japan)	ss	31	lossless
Psycho Chaser (Japan) (En)	ss	31	lossless
Psychosis (USA)	ss	31	lossless
Puzzle Boy (Japan)	ss	31	lossless
Puzznic (Japan) (En)	ss	31	lossless
R-Type (USA)	ss	31	lossless
R-Type II (Japan) (En)	ss	31	lossless
Rabio Lepus Special (Japan)	ss	31	lossless
Racing Damashii (Japan)	ss	31	lossless
Raiden (USA)	ss	31	lossless
Rastan Saga II (Japan) (En)	ss	31	lossless
Rock-On (Japan)	ss	31	lossless
Ryuukyuu (Japan)	ss	31	lossless
S.C.I. - Special Criminal Investigation (Japan)	ss	31	lossless
Sadakichi Seven - Hideyoshi no Ougon (Japan)	ss	31	lossless
Salamander (Japan) (En)	ss	31	lossless
Samurai-Ghost (USA)	ss	31	lossless
Sekigahara (Japan)	ss	31	lossless
Sengoku Mahjong (Japan)	ss	31	lossless
Shanghai (Japan)	ss	31	lossless
Shinobi (Japan)	ss	31	lossless
Shiryou Sensen - War of the Dead (Japan)	ss	31	lossless
Shockman (USA)	ss	31	lossless
Shougi Shodan Icchokusen (Japan)	ss	31	lossless
Shougi Shoshinsha Muyou (Japan)	ss	31	lossless
SideArms (USA)	ss	31	lossless
Silent Debuggers (USA)	ss	31	lossless
Sindibad - Chitei no Daimakyuu (Japan)	ss	31	lossless
Sinistron (USA)	ss	31	lossless
Skweek (Japan) (En)	ss	31	lossless
Soldier Blade (USA)	ss	31	lossless
Somer Assault (USA)	ss	31	lossless
Son Son II (Japan)	ss	31	lossless
Sonic Spike - World Championship Beach Volleyball (USA)	ss	31	lossless
Space Harrier (USA)	ss	31	lossless
Space Invaders - Fukkatsu no Hi (Japan)	ss	31	lossless
Spin Pair (Japan) (En)	ss	31	lossless
Spiral Wave (Japan)	ss	31	lossless
Splatterhouse (USA)	ss	31	lossless
Stratego (Japan)	ss	31	lossless
Street Fighter II' - Champion Edition (Japan)	ss	31	lossless
Super Metal Crusher (Japan) (En)	ss	31	lossless
Super Momotarou Dentetsu (Japan)	ss	31	lossless
Super Momotarou Dentetsu II (Japan)	ss	31	lossless
Super Star Soldier (USA)	ss	31	lossless
Super Volleyball (USA)	ss	31	lossless
Susanoou Densetsu (Japan)	ss	31	lossless
TV Sports Basketball (USA)	ss	31	lossless
TV Sports Football (USA)	ss	31	lossless
TV Sports Hockey (USA)	ss	31	lossless
Takeda Shingen (Japan)	ss	31	lossless
Takin' It to the Hoop (USA)	ss	31	lossless
TaleSpin (USA)	ss	31	lossless
Tatsujin (Japan) (En)	ss	31	lossless
Tatsunoko Fighter (Japan)	ss	31	lossless
Tenseiryuu - Saint Dragon (Japan) (En)	ss	31	lossless
Terra Cresta II - Mandoler no Gyakushuu (Japan) (En)	ss	31	lossless
Thunder Blade (Japan) (En)	ss	31	lossless
Tiger Road (USA)	ss	31	lossless
Time Cruise (USA)	ss	31	lossless
Timeball (USA)	ss	31	lossless
Titan (Japan) (En)	ss	31	lossless
Toilet Kids (Japan)	ss	31	lossless
Tower of Druaga, The (Japan)	ss	31	lossless
Toy Shop Boys (Japan) (En)	ss	31	lossless
Tricky Kick (USA)	ss	31	lossless
Tsuppari Oozumou - Heisei Ban (Japan)	ss	31	lossless
Tsuru Teruhito no Jissen Kabushiki Bai Bai Game (Japan)	ss	31	lossless
Turrican (USA)	ss	31	lossless
Valkyrie no Densetsu (Japan)	ss	31	lossless
Veigues - Tactical Gladiator (USA)	ss	31	lossless
Victory Run (USA)	ss	31	lossless
Vigilante (USA)	ss	31	lossless
Volfied (Japan) (En)	ss	31	lossless
W Ring - The Double Rings (Japan) (En)	ss	31	lossless
Wai Wai Mahjong - Yukai na Janyuu-tachi (Japan)	ss	31	lossless
Wallaby!! (Japan)	ss	31	lossless
Winning Shot (Japan)	ss	31	lossless
Wonder Momo (Japan)	ss	31	lossless
World Circuit (Japan)	ss	31	lossless
World Class Baseball (USA)	ss	31	lossless
World Court Tennis (USA)	ss	31	lossless
World Jockey (Japan)	ss	31	lossless
World Sports Competition (USA)	ss	31	lossless
Xevious - Fardraut Densetsu (Japan)	ss	31	lossless
Yo' Bro (USA)	ss	31	lossless
You-You Jinsei (Japan)	ss	31	lossless
Youkai Douchuuki (Japan)	ss	31	lossless
Zero4 Champ (Japan)	ss	31	lossless
Zipang (Japan) (En)	ss	31	lossless
